<?xml version="1.0" encoding="UTF-8" ?>
<ARTICLES>
<ARTICLE>
<PICTURE>imgs/a2-1.jpg</PICTURE>
<TITLE>青岛自助游</TITLE>
<DATE>2017-2-24</DATE>
</ARTICLE>
<ARTICLE>
<PICTURE>imgs/a2-2.jpg</PICTURE>
<TITLE>海南一周游</TITLE>
<DATE>2017-2-24</DATE>
</ARTICLE>
<ARTICLE>
<PICTURE>imgs/a2-3.jpg</PICTURE>
<TITLE>云南一日游</TITLE>
<DATE>2017-1-31</DATE>
</ARTICLE>
<ARTICLE>
<PICTURE>imgs/a2-4.jpg</PICTURE>
<TITLE>畅游北京</TITLE>
<DATE>2017-3-14</DATE>
</ARTICLE>
<ARTICLE>
<PICTURE>imgs/a2-5.jpg</PICTURE>
<TITLE>北京三日游</TITLE>
<DATE>2017-1-27</DATE>
</ARTICLE>
<ARTICLE>
<PICTURE>imgs/a2-6.jpg</PICTURE>
<TITLE>哈尔滨游玩指南</TITLE>
<DATE>2017-2-20</DATE>
</ARTICLE>
</ARTICLES>